[
  {
    "coord": [
      0,
      0,
      0
    ]
  },
  {
    "coord": [
      119.814385,
      23.400047,
      5
    ]
  },
  {
    "coord": [
      110.873207,
      23.684715,
      10
    ]
  },
  {
    "coord": [
      108.837563,
      22.072723,
      15
    ]
  },
  {
    "coord": [
      106.554199,
      35.609691,
      20
    ]
  },
  {
    "coord": [
      115.05114746,
      22.208302,
      25
    ]
  },
  {
    "coord": [
      109.07422638,
      35.589474,
      30
    ]
  },
  {
    "coord": [
      116.674332,
      33.766956,
      35
    ]
  },
  {
    "coord": [
      106.35239,
      28.911768,
      40
    ]
  },
  {
    "coord": [
      107.796328,
      28.09983,
      45
    ]
  },
  {
    "coord": [
      109.270966,
      31.232182,
      50
    ]
  },
  {
    "coord": [
      109.017,
      30.553133,
      55
    ]
  },
  {
    "coord": [
      117.640221,
      36.864015,
      60
    ]
  },
  {
    "coord": [
      104.197617,
      30.85363,
      65
    ]
  },
  {
    "coord": [
      109.248543,
      35.092437744,
      70
    ]
  },
  {
    "coord": [
      103.644989,
      32.6482,
      75
    ]
  },
  {
    "coord": [
      105.5702,
      37.175430298,
      80
    ]
  },
  {
    "coord": [
      106.347572,
      23.755268,
      85
    ]
  },
  {
    "coord": [
      105.83299255,
      30.458691,
      90
    ]
  },
  {
    "coord": [
      114.694061,
      35.616409,
      95
    ]
  },
  {
    "coord": [
      104.077995,
      28.622962,
      100
    ]
  },
  {
    "coord": [
      106.823404,
      30.004514694,
      105
    ]
  },
  {
    "coord": [
      108.408884,
      37.958623,
      110
    ]
  },
  {
    "coord": [
      116.427864,
      34.031391144,
      115
    ]
  },
  {
    "coord": [
      116.68061829,
      32.088126,
      120
    ]
  },
  {
    "coord": [
      115.968147,
      36.321949,
      125
    ]
  },
  {
    "coord": [
      112.78279877,
      33.491471,
      130
    ]
  },
  {
    "coord": [
      103.857941,
      31.187906265,
      135
    ]
  },
  {
    "coord": [
      115.707802,
      30.214197,
      140
    ]
  },
  {
    "coord": [
      103.2182,
      32.951767,
      145
    ]
  },
  {
    "coord": [
      103.888771,
      30.844326,
      150
    ]
  },
  {
    "coord": [
      108.17095947,
      29.382742,
      155
    ]
  },
  {
    "coord": [
      104.2085,
      35.03095,
      160
    ]
  },
  {
    "coord": [
      109.337418,
      34.519626617,
      165
    ]
  },
  {
    "coord": [
      114.346,
      31.714224,
      170
    ]
  },
  {
    "coord": [
      104.97201538,
      35.5147,
      175
    ]
  },
  {
    "coord": [
      114.69146,
      32.96608,
      180
    ]
  },
  {
    "coord": [
      109.6988,
      30.886568,
      185
    ]
  },
  {
    "coord": [
      116.114899,
      38.0282,
      190
    ]
  },
  {
    "coord": [
      120.94823456,
      30.94600296,
      195
    ]
  },
  {
    "coord": [
      115.97182,
      31.248932,
      200
    ]
  },
  {
    "coord": [
      113.256066,
      33.945248,
      205
    ]
  },
  {
    "coord": [
      107.89336,
      31.286934,
      210
    ]
  },
  {
    "coord": [
      103.4194,
      31.771172,
      215
    ]
  },
  {
    "coord": [
      112.873794,
      34.67274,
      220
    ]
  },
  {
    "coord": [
      111.750727,
      33.268639,
      225
    ]
  },
  {
    "coord": [
      105.7753,
      32.70456,
      230
    ]
  },
  {
    "coord": [
      114.544319,
      34.729103,
      235
    ]
  },
  {
    "coord": [
      106.07418,
      37.621086121,
      240
    ]
  },
  {
    "coord": [
      113.116852,
      36.858692,
      245
    ]
  },
  {
    "coord": [
      118.8719,
      29.019581,
      250
    ]
  },
  {
    "coord": [
      109.46991,
      40.93678,
      255
    ]
  },
  {
    "coord": [
      107.90538,
      32.115,
      260
    ]
  },
  {
    "coord": [
      115.668274,
      29.038708,
      265
    ]
  },
  {
    "coord": [
      114.381271,
      24.953241,
      270
    ]
  },
  {
    "coord": [
      110.72715,
      29.544481,
      275
    ]
  },
  {
    "coord": [
      119.011101,
      18.375464,
      280
    ]
  },
  {
    "coord": [
      114.653473,
      31.754595,
      285
    ]
  },
  {
    "coord": [
      103.556438,
      34.938118,
      290
    ]
  },
  {
    "coord": [
      116.4380188,
      36.971165,
      295
    ]
  },
  {
    "coord": [
      114.56905365,
      35.956073761,
      300
    ]
  },
  {
    "coord": [
      115.563812,
      36.16054,
      305
    ]
  },
  {
    "coord": [
      109.02697,
      38.043,
      310
    ]
  },
  {
    "coord": [
      116.28256226,
      27.984781,
      315
    ]
  },
  {
    "coord": [
      107.349686,
      22.102308,
      320
    ]
  },
  {
    "coord": [
      109.305123,
      38.8551,
      325
    ]
  },
  {
    "coord": [
      120.13372,
      32.508263,
      330
    ]
  },
  {
    "coord": [
      113.203407,
      32.059601,
      335
    ]
  },
  {
    "coord": [
      116.8504,
      26.41507,
      340
    ]
  },
  {
    "coord": [
      115.494364,
      35.867161,
      345
    ]
  },
  {
    "coord": [
      103.1447,
      34.445976,
      350
    ]
  },
  {
    "coord": [
      108.16404,
      37.565983,
      355
    ]
  },
  {
    "coord": [
      119.723953,
      25.895267,
      360
    ]
  },
  {
    "coord": [
      103.502586,
      30.402718,
      365
    ]
  },
  {
    "coord": [
      112.156273,
      40.043865,
      370
    ]
  },
  {
    "coord": [
      109.684082,
      24.315781,
      375
    ]
  },
  {
    "coord": [
      107.541725,
      33.25882,
      380
    ]
  },
  {
    "coord": [
      106.786377,
      37.884437,
      385
    ]
  },
  {
    "coord": [
      121.444199,
      38.682152,
      390
    ]
  },
  {
    "coord": [
      111.714066,
      32.19813,
      395
    ]
  },
  {
    "coord": [
      120.537499,
      37.7177,
      400
    ]
  },
  {
    "coord": [
      106.75476074,
      39.308067,
      405
    ]
  },
  {
    "coord": [
      110.773739,
      38.006878,
      410
    ]
  },
  {
    "coord": [
      114.559631,
      37.4526,
      415
    ]
  },
  {
    "coord": [
      115.493477,
      30.122671,
      420
    ]
  },
  {
    "coord": [
      115.108574,
      37.3503,
      425
    ]
  },
  {
    "coord": [
      108.1138,
      34.783107758,
      430
    ]
  },
  {
    "coord": [
      116.124138,
      36.842152,
      435
    ]
  },
  {
    "coord": [
      116.720093,
      31.267123,
      440
    ]
  },
  {
    "coord": [
      112.94904327,
      22.975712,
      445
    ]
  },
  {
    "coord": [
      114.376983,
      34.436454773,
      450
    ]
  },
  {
    "coord": [
      111.799144,
      39.877323,
      455
    ]
  },
  {
    "coord": [
      116.547142,
      38.833225,
      460
    ]
  },
  {
    "coord": [
      116.72216,
      36.422279,
      465
    ]
  },
  {
    "coord": [
      112.150505,
      33.264837,
      470
    ]
  },
  {
    "coord": [
      118.400307,
      28.143875,
      475
    ]
  },
  {
    "coord": [
      110.96408,
      34.840869,
      480
    ]
  },
  {
    "coord": [
      102.984367,
      30.989159,
      485
    ]
  },
  {
    "coord": [
      106.642558,
      23.783923,
      490
    ]
  },
  {
    "coord": [
      105.46331787,
      28.77483,
      495
    ]
  },
  {
    "coord": [
      111.515434,
      35.672870636,
      500
    ]
  },
  {
    "coord": [
      117.774277,
      33.69017,
      505
    ]
  },
  {
    "coord": [
      117.076118,
      30.446987,
      510
    ]
  },
  {
    "coord": [
      111.373611,
      35.068165,
      515
    ]
  },
  {
    "coord": [
      103.724064,
      36.359043121,
      520
    ]
  },
  {
    "coord": [
      114.854042,
      39.744941711,
      525
    ]
  },
  {
    "coord": [
      119.935697,
      37.020584106,
      530
    ]
  },
  {
    "coord": [
      112.1995,
      34.512718,
      535
    ]
  },
  {
    "coord": [
      119.802269,
      22.935516,
      540
    ]
  },
  {
    "coord": [
      110.1649,
      35.581886,
      545
    ]
  },
  {
    "coord": [
      120.753126,
      36.510247,
      550
    ]
  },
  {
    "coord": [
      112.189295,
      37.083669,
      555
    ]
  },
  {
    "coord": [
      116.82369995,
      19.759297,
      560
    ]
  },
  {
    "coord": [
      116.555748,
      30.151213,
      565
    ]
  },
  {
    "coord": [
      119.16273499,
      37.107732,
      570
    ]
  },
  {
    "coord": [
      112.024668,
      35.55548,
      575
    ]
  },
  {
    "coord": [
      119.141106,
      36.6936,
      580
    ]
  },
  {
    "coord": [
      107.9,
      30.049067,
      585
    ]
  },
  {
    "coord": [
      104.143768,
      28.985164,
      590
    ]
  },
  {
    "coord": [
      114.8824,
      28.895449,
      595
    ]
  },
  {
    "coord": [
      113.64131165,
      23.2628,
      600
    ]
  },
  {
    "coord": [
      106.560292,
      37.089153,
      605
    ]
  },
  {
    "coord": [
      114.463737,
      28.645601,
      610
    ]
  },
  {
    "coord": [
      111.912163,
      31.263714,
      615
    ]
  },
  {
    "coord": [
      115.919899,
      27.737248,
      620
    ]
  },
  {
    "coord": [
      110.151016,
      28.847984314,
      625
    ]
  },
  {
    "coord": [
      114.345497,
      30.482548,
      630
    ]
  },
  {
    "coord": [
      115.022843,
      33.023402,
      635
    ]
  },
  {
    "coord": [
      116.777115,
      34.962231,
      640
    ]
  },
  {
    "coord": [
      113.277008,
      37.8867836,
      645
    ]
  },
  {
    "coord": [
      113.838638,
      22.848399,
      650
    ]
  },
  {
    "coord": [
      109.6133,
      36.098342896,
      655
    ]
  },
  {
    "coord": [
      116.70301,
      33.2561,
      660
    ]
  },
  {
    "coord": [
      115.992537,
      42.7987,
      665
    ]
  },
  {
    "coord": [
      109.9481,
      20.901958,
      670
    ]
  },
  {
    "coord": [
      110.437637,
      31.386108398,
      675
    ]
  },
  {
    "coord": [
      114.7231,
      32.495872,
      680
    ]
  },
  {
    "coord": [
      106.08524,
      30.057533,
      685
    ]
  },
  {
    "coord": [
      115.008531,
      37.339809,
      690
    ]
  },
  {
    "coord": [
      106.244919,
      34.683944702,
      695
    ]
  },
  {
    "coord": [
      115.85923,
      36.999573,
      700
    ]
  },
  {
    "coord": [
      117.481834,
      35.171398,
      705
    ]
  },
  {
    "coord": [
      107.687035,
      37.476895,
      710
    ]
  },
  {
    "coord": [
      116.36399841,
      32.524872,
      715
    ]
  },
  {
    "coord": [
      115.013397,
      24.11503,
      720
    ]
  },
  {
    "coord": [
      115.895768,
      32.033401489,
      725
    ]
  },
  {
    "coord": [
      106.832756,
      32.10964,
      730
    ]
  },
  {
    "coord": [
      105.437004,
      34.58722,
      735
    ]
  },
  {
    "coord": [
      111.958946,
      30.272259,
      740
    ]
  },
  {
    "coord": [
      112.846886,
      42.8203,
      745
    ]
  },
  {
    "coord": [
      109.287415,
      22.531525,
      750
    ]
  },
  {
    "coord": [
      119.883675,
      34.731582,
      755
    ]
  },
  {
    "coord": [
      116.448669,
      39.048157,
      760
    ]
  },
  {
    "coord": [
      111.117285,
      38.230526,
      765
    ]
  },
  {
    "coord": [
      112.5121,
      35.309940338,
      770
    ]
  },
  {
    "coord": [
      108.042938,
      31.054750443,
      775
    ]
  },
  {
    "coord": [
      107.5271,
      34.269634,
      780
    ]
  },
  {
    "coord": [
      101.841525,
      22.840479,
      785
    ]
  },
  {
    "coord": [
      118.39524078,
      35.089302,
      790
    ]
  },
  {
    "coord": [
      110.853813,
      37.557182,
      795
    ]
  },
  {
    "coord": [
      108.510655,
      34.430504,
      800
    ]
  },
  {
    "coord": [
      113.103485,
      29.036539,
      805
    ]
  },
  {
    "coord": [
      117.18768311,
      30.350445,
      810
    ]
  },
  {
    "coord": [
      111.645805,
      30.845839,
      815
    ]
  },
  {
    "coord": [
      120.482676,
      31.713,
      820
    ]
  },
  {
    "coord": [
      116.13558197,
      29.58749,
      825
    ]
  },
  {
    "coord": [
      104.35737,
      34.397707,
      830
    ]
  },
  {
    "coord": [
      112.778679,
      36.095631,
      835
    ]
  },
  {
    "coord": [
      108.37359619,
      29.979195,
      840
    ]
  },
  {
    "coord": [
      108.128458,
      29.62132,
      845
    ]
  },
  {
    "coord": [
      110.323707,
      35.07399,
      850
    ]
  },
  {
    "coord": [
      110.634869,
      37.924061,
      855
    ]
  },
  {
    "coord": [
      115.252037,
      22.434591,
      860
    ]
  },
  {
    "coord": [
      112.08096313,
      35.58325,
      865
    ]
  },
  {
    "coord": [
      113.25900269,
      32.3614,
      870
    ]
  },
  {
    "coord": [
      89.2459,
      25.372412,
      875
    ]
  },
  {
    "coord": [
      118.10537,
      34.765198,
      880
    ]
  },
  {
    "coord": [
      104.36540222,
      35.5195,
      885
    ]
  },
  {
    "coord": [
      111.776215,
      32.132023,
      890
    ]
  },
  {
    "coord": [
      109.089531,
      32.052563,
      895
    ]
  },
  {
    "coord": [
      111.577577,
      33.737118,
      900
    ]
  },
  {
    "coord": [
      117.483398,
      33.0234,
      905
    ]
  },
  {
    "coord": [
      103.35958099,
      34.704596,
      910
    ]
  },
  {
    "coord": [
      104.718544,
      29.86577,
      915
    ]
  },
  {
    "coord": [
      107.156635,
      37.510105,
      920
    ]
  },
  {
    "coord": [
      117.288353,
      36.284401,
      925
    ]
  },
  {
    "coord": [
      105.157631,
      36.385406,
      930
    ]
  },
  {
    "coord": [
      114.622286,
      26.265314102,
      935
    ]
  },
  {
    "coord": [
      113.300227,
      31.216593,
      940
    ]
  },
  {
    "coord": [
      115.898897,
      33.182231903,
      945
    ]
  },
  {
    "coord": [
      120.071625,
      23.854619,
      950
    ]
  },
  {
    "coord": [
      111.800125,
      36.05806,
      955
    ]
  },
  {
    "coord": [
      114.191864,
      31.849014282,
      960
    ]
  },
  {
    "coord": [
      110.30809,
      41.7175,
      965
    ]
  },
  {
    "coord": [
      111.945343,
      30.360456,
      970
    ]
  },
  {
    "coord": [
      116.34811,
      35.256145477,
      975
    ]
  },
  {
    "coord": [
      117.763388,
      33.332401,
      980
    ]
  },
  {
    "coord": [
      112.83702087,
      33.853691,
      985
    ]
  },
  {
    "coord": [
      114.973915,
      28.0174,
      990
    ]
  },
  {
    "coord": [
      118.977539,
      24.466865,
      995
    ]
  },
  {
    "coord": [
      113.061172,
      34.24642,
      1000
    ]
  },
  {
    "coord": [
      110.675171,
      28.859314,
      1005
    ]
  },
  {
    "coord": [
      114.77003,
      38.305469513,
      1010
    ]
  },
  {
    "coord": [
      110.575774,
      33.73398,
      1015
    ]
  },
  {
    "coord": [
      115.218359,
      37.752926,
      1020
    ]
  },
  {
    "coord": [
      115.371315,
      36.697582,
      1025
    ]
  },
  {
    "coord": [
      111.29934,
      27.675718,
      1030
    ]
  },
  {
    "coord": [
      116.292,
      38.963412,
      1035
    ]
  },
  {
    "coord": [
      114.063148,
      31.718632,
      1040
    ]
  },
  {
    "coord": [
      115.133423,
      38.252403,
      1045
    ]
  },
  {
    "coord": [
      107.506615,
      37.425507,
      1050
    ]
  },
  {
    "coord": [
      113.022133,
      35.133014679,
      1055
    ]
  },
  {
    "coord": [
      118.76899,
      34.794427,
      1060
    ]
  },
  {
    "coord": [
      111.026703,
      34.031391,
      1065
    ]
  },
  {
    "coord": [
      93.5278,
      38.096660614,
      1070
    ]
  },
  {
    "coord": [
      120.630691,
      35.376454,
      1075
    ]
  },
  {
    "coord": [
      108.907,
      24.49073,
      1080
    ]
  },
  {
    "coord": [
      110.06864166,
      35.67346,
      1085
    ]
  },
  {
    "coord": [
      115.238747,
      29.260567,
      1090
    ]
  },
  {
    "coord": [
      112.158699,
      40.371482849,
      1095
    ]
  },
  {
    "coord": [
      111.590881,
      23.244224,
      1100
    ]
  },
  {
    "coord": [
      115.761818,
      37.824689,
      1105
    ]
  },
  {
    "coord": [
      119.534469,
      27.970864,
      1110
    ]
  },
  {
    "coord": [
      112.295883,
      35.465939,
      1115
    ]
  },
  {
    "coord": [
      110.791195,
      28.560753,
      1120
    ]
  },
  {
    "coord": [
      104.7492981,
      33.155499,
      1125
    ]
  },
  {
    "coord": [
      117.419782,
      36.650131226,
      1130
    ]
  },
  {
    "coord": [
      106.172912,
      39.09017,
      1135
    ]
  },
  {
    "coord": [
      108.8341,
      23.912186,
      1140
    ]
  },
  {
    "coord": [
      114.404688,
      35.265209,
      1145
    ]
  },
  {
    "coord": [
      90.54448,
      34.67967,
      1150
    ]
  },
  {
    "coord": [
      108.93718719,
      35.7263,
      1155
    ]
  },
  {
    "coord": [
      111.682915,
      37.7718,
      1160
    ]
  },
  {
    "coord": [
      116.110497,
      36.230215,
      1165
    ]
  },
  {
    "coord": [
      113.0374,
      22.792885,
      1170
    ]
  },
  {
    "coord": [
      111.003499,
      37.17543,
      1175
    ]
  },
  {
    "coord": [
      103.847138,
      40.2127,
      1180
    ]
  },
  {
    "coord": [
      110.551643,
      30.636564,
      1185
    ]
  },
  {
    "coord": [
      114.494263,
      38.294708,
      1190
    ]
  },
  {
    "coord": [
      106.9523,
      28.531229,
      1195
    ]
  },
  {
    "coord": [
      116.108948,
      32.693626,
      1200
    ]
  },
  {
    "coord": [
      120.578262,
      38.435699,
      1205
    ]
  },
  {
    "coord": [
      110.978828,
      23.75868,
      1210
    ]
  },
  {
    "coord": [
      106.531081,
      37.143234,
      1215
    ]
  },
  {
    "coord": [
      115.150104,
      29.524572,
      1220
    ]
  },
  {
    "coord": [
      121.5701,
      37.971748,
      1225
    ]
  },
  {
    "coord": [
      114.016296,
      37.058769,
      1230
    ]
  },
  {
    "coord": [
      106.600373,
      31.459007263,
      1235
    ]
  },
  {
    "coord": [
      111.453293,
      34.339054108,
      1240
    ]
  },
  {
    "coord": [
      110.69416,
      30.05050087,
      1245
    ]
  },
  {
    "coord": [
      112.992508,
      35.147162,
      1250
    ]
  },
  {
    "coord": [
      107.43605,
      28.438469,
      1255
    ]
  },
  {
    "coord": [
      103.6029,
      30.745343,
      1260
    ]
  },
  {
    "coord": [
      107.62709,
      32.63673,
      1265
    ]
  }
]